M.E.T. [s], Sea Level Altitude [m], Radar Altitude [m], Latitude [deg], Longitude [deg], Surface Velocity [m/s], Orbital Velocity [m/s], Vertical Speed [m/s], Ground Speed [m/s], Apoapsis [m], Time to Apoapsis [s], Periapsis [m], Time to Periapsis [s], Inclination [deg], Mass [t], Max Thrust [kN], Current Thrust [kN], T.W.R., % Terminal Velocity, Trajectory Preferred Pitch [deg], Pitch Command [deg], Vessel Pitch [deg], Heading Command [deg], Vessel Heading [deg], dv Spent [m/s], Dynamic Pressure [kPa]
0.0799998641014099, 99.1706067910418, 26.6841831207275, -0.0972077399492264, -74.5576782226563, 0.000424810925409093, 174.965507048196, 0.000419919889287357, 6.42775927351361E-05, 79.7405634470051, 4.30405494284969E-05, -598435.22354239, 275.822148895202, 0.0972077911331759, 56.7598114013672, 0, 0, 0, N/A, 90, 90, 89.9541371394915, -90, 271.824900282423, 0, 8.42578249619021E-13
1.03999997675419, 102.033811358619, 29.5473957061768, -0.0972078442573547, -74.5576782226563, 6.01572779397163, 175.056216940045, 6.01571252304768, 0.0135547486165424, 84.4696561340243, 0.616600784158265, -598435.436004689, 276.441812597914, 0.0972077944513402, 56.3145179748535, 931.762619018555, 931.662864685059, 1.68620185652467, N/A, 90, 90, 89.9580306327196, -90, 267.97442960008, 16.849008477144, 0.000162123058543536
2.07999995350838, 111.946713325451, 39.4603118896484, -0.0972079038619995, -74.5576858520508, 12.9378730127911, 175.415672701244, 12.9378349417239, 0.031386554732378, 101.114795092843, 1.32616965560936, -598435.651757746, 277.162679592181, 0.0972086242925651, 55.8490409851074, 931.990219116211, 931.984252929688, 1.70061529323816, N/A, 90, 90, 89.956037132042, -90, 268.262280966078, 34.1365926091736, 0.000819285503646557
3.1599999293685, 129.940440280479, 57.4540748596191, -0.0972079187631607, -74.5576858520508, 20.2733060532842, 176.088771509919, 20.2732267991023, 0.056687584975323, 131.604389281594, 2.07825091527229, -598435.91760415, 277.935545453041, 0.0972087412633485, 55.3656578063965, 932.415626525879, 932.406005859375, 1.7163290735294, NoAcc, 88.5613643852088, 88.5613643852088, 89.9582657898007, 90.1944175529911, 271.820977395416, 51.5777072362175, 0.00209291639704723
4.29999990388751, 157.616320917383, 85.1298522949219, -0.0972080230712891, -74.5576705932617, 28.1729729206253, 177.098374830012, 28.1726279010014, 0.139428612573151, 178.911309628747, 2.88841492481851, -598437.111789689, 278.77742178394, 0.0972105973224156, 54.8554267883301, 933.076644897461, 933.063140869141, 1.7336601149574, NoAcc, 85.5805274743775, 85.5805274743775, 89.0369853777802, 90.194420873748, 89.6934339231313, 70.8825215839938, 0.00411126630947706
5.43999987840652, 194.341172218788, 121.85400390625, -0.0972079560160637, -74.5575866699219, 36.2024993230147, 178.967535387509, 36.2014578884574, 0.274597857098151, 242.189468374592, 3.71234365687855, -598429.297347246, 279.650244193787, 0.0972142726606647, 54.3451881408691, 933.957618713379, 933.940185546875, 1.75178186291451, NoAcc, 83.8461773657974, 83.8461773657974, 86.3436652626886, 90.1944343774656, 89.9522150395777, 90.0400645915755, 0.00683812762904354
6.55999985337257, 240.197106723674, 167.708099365234, -0.097208172082901, -74.5573501586914, 44.3420171518082, 182.734488776409, 44.2833173812742, 2.28085220928224, 321.542631632532, 4.54269839386996, -598392.545413141, 280.560455998662, 0.0972113552000748, 53.8349533081055, 935.048011779785, 935.026840209961, 1.77069806099183, NoAcc, 82.3734747515892, 82.3734747515892, 83.0597232048191, 89.8055664473558, 90.0424555729539, 109.743152783546, 0.0102794747497066
7.69999982789159, 294.282631482463, 221.790161132813, -0.0972079038619995, -74.5569152832031, 52.5365769115204, 187.45893295137, 52.2987458592458, 4.99330503075071, 417.293280595331, 5.38214533309349, -598341.316241305, 281.501006682315, 0.0972082733568746, 53.3247184753418, 936.361869812012, 936.336860656738, 1.79045905022532, NoAcc, 81.0246011185409, 81.0246011185409, 81.5301339860788, 90.1944227928901, 89.9467833316668, 129.659841231559, 0.0144831190108838
8.8399998024106, 358.623721007141, 290.958404541016, -0.0972082167863846, -74.5561599731445, 61.1130693614012, 192.853351589913, 60.5805681043646, 8.04996987099142, 527.950148753473, 6.22040735262931, -598284.595939491, 282.454418302271, 0.0972111230867738, 52.8234367370605, 937.89143371582, 937.862655639648, 1.81107572519799, NoAcc, 79.7511579203804, 79.7511579203804, 80.1435788235957, 89.8055828317625, 90.0404348574544, 149.798823101512, 0.0195027898338518
9.97999977692962, 432.42513590632, 364.750640869141, -0.0972080901265144, -74.5550384521484, 69.9099277765317, 199.062748159475, 68.9262978302942, 11.6860373578673, 657.480525685241, 7.08160264608983, -598214.728685037, 283.452813033512, 0.0972213559113447, 52.3132019042969, 939.634506225586, 939.602027893066, 1.83256992661865, NoAcc, 78.5300503946558, 78.5300503946558, 78.6308504201011, 90.1944355952266, 90.0077662142687, 170.169186961328, 0.0253508711096891
11.1199997514486, 515.78003054182, 448.092590332031, -0.0972080007195473, -74.5534973144531, 78.9430113227588, 205.992937424264, 77.3382247498132, 15.8366040947109, 804.334952842677, 7.95133195267857, -598133.244656657, 284.479682967337, 0.0972098245842812, 51.8029670715332, 941.586975097656, 941.550834655762, 1.85496063960346, NoAcc, 77.3480349457121, 77.3480349457121, 77.3229835379457, 90.1944328753727, 89.9770932155058, 190.780017016003, 0.0320552167007644
12.2599997259676, 608.77161000506, 541.066589355469, -0.0972081422805786, -74.5514907836914, 88.2268571459614, 213.533551103518, 85.8340212618045, 20.4083099712341, 968.959602171672, 8.83163114117809, -598041.327129438, 285.536567863522, 0.0972100346925773, 51.2927322387695, 943.749534606934, 943.709869384766, 1.87793915624893, NoAcc, 76.1968739535826, 76.1968739535826, 76.1208802133401, 90.1944247265524, 89.9863882785834, 211.640765466293, 0.0395022279116352
13.2799997031689, 700.213918590336, 632.488403320313, -0.0972081422805786, -74.5492553710938, 96.7500472658014, 220.784461996059, 93.4994721205646, 24.8680590137343, 1131.53419047047, 9.6277206287495, -597949.473601978, 286.507824996021, 0.0972084937228902, 50.8362083435059, 945.855018615723, 945.812194824219, 1.89958736057919, NoAcc, 75.1883965553251, 75.1883965553251, 75.060536680235, 90.1944228903092, 89.9549644640603, 230.525338176536, 0.0470382366466285
14.4199996776879, 811.692677772953, 743.93798828125, -0.0972086265683174, -74.5462188720703, 106.499916414789, 229.405136962328, 102.112910231077, 30.2520372949829, 1330.33281156537, 10.5245560933002, -597835.698323437, 287.619910658118, 0.0972103410247103, 50.3259735107422, 948.393257141113, 948.347145080566, 1.92468541672143, NoAcc, 74.100857247788, 74.100857247788, 73.9178301496592, 89.8055828920739, 90.0245128872989, 251.88591803974, 0.0563002435844006
15.5599996522069, 933.000934183015, 866.118835449219, -0.0972089916467667, -74.5425796508789, 116.460038941815, 238.510484315656, 110.745930039054, 36.0316478961749, 1547.0469694162, 11.4261159890499, -597710.034864754, 288.757308694083, 0.0972217473768325, 49.8157386779785, 951.095481872559, 951.046195983887, 1.95070158072037, NoAcc, 73.0126000751703, 73.0126000751703, 72.8297348864736, 89.8055822099858, 90.0690416923612, 273.142092480789, 0.0664085768472409
16.6799996271729, 1061.77252108068, 997.5546875, -0.0972088724374771, -74.5382995605469, 126.629279748417, 248.051107729095, 119.39882484515, 42.1769500462035, 1781.80278544733, 12.3326878942498, -597572.396255275, 289.920470977545, 0.0972115964908429, 49.3055038452148, 953.993049621582, 953.940650939941, 1.97773037042018, NoAcc, 71.9411992803611, 71.9411992803611, 71.7732510522148, 89.8055282785831, 89.9299336540168, 295.063392795146, 0.0773379190856346
17.819999601692, 1202.62508446246, 1139.70971679688, -0.0972097665071487, -74.5334167480469, 136.822377459321, 257.8249396559, 127.911215798723, 48.5704009301306, 2030.02656291658, 13.227681100282, -597424.787405519, 291.109381568312, 0.0972095937758203, 48.7952690124512, 957.059867858887, 957.004524230957, 2.00575035974145, NoAcc, 70.8850316258649, 70.8850316258649, 70.7128891312906, 90.1944741227373, 90.0489738834508, 317.282468652001, 0.0890583061084465
18.959999576211, 1353.36306206055, 1290.67358398438, -0.0972105041146278, -74.5277404785156, 147.403965328665, 268.133477245745, 136.597435831091, 55.3991833783231, 2300.83088459854, 14.1443822920963, -597262.130565948, 292.30385656378, 0.0975051920236394, 48.2939834594727, 960.285987854004, 960.227958679199, 2.03477337893076, NoAcc, 69.8427227086983, 69.8427227086983, 69.738606288842, 89.8050436974736, 90.1357283704347, 339.809383007261, 0.101530448215512
20.09999955073, 1513.98818203062, 1451.53845214844, -0.0972091183066368, -74.5212936401367, 158.191226067985, 278.833701429948, 145.267242031275, 62.6250141518487, 2589.50460594811, 15.0632516692694, -597084.406517523, 293.544419305004, 0.0982556216095682, 47.7837524414063, 963.660926818848, 963.60034942627, 2.06481005911826, NoAcc, 68.8132349278419, 68.8132349278419, 68.5754492052027, 90.1948356912811, 89.4374157587761, 362.654507234078, 0.11470709908937
21.239999525249, 1684.53125901043, 1622.91564941406, -0.0972159281373024, -74.5140609741211, 169.186374350651, 289.848835586156, 153.956944668459, 70.1518955857335, 2896.65599922847, 15.9882736131221, -596893.085484339, 294.813394790841, 0.0978798533326019, 47.2735176086426, 967.18187713623, 967.119018554688, 2.09588890034896, NoAcc, 67.7955307793956, 67.7955307793956, 67.6997275810678, 89.8053720839393, 90.8704628263996, 385.419548900334, 0.128541897788898
22.379999499768, 1864.99951512308, 1803.3154296875, -0.0972120240330696, -74.5059967041016, 180.389509037848, 301.115968358252, 162.706189364158, 77.8914046189343, 3223.09044601454, 16.9237940743217, -596689.708876022, 296.114648034689, 0.0983905808656598, 46.7632789611816, 970.829750061035, 970.764678955078, 2.12757317472266, NoAcc, 66.7886853062944, 66.7886853062944, 67.0284612988662, 89.8001840892898, 89.8234827621939, 408.931732983757, 0.142710800915837
23.3999994769692, 2034.86674217146, 1973.92565917969, -0.0972107350826263, -74.4980392456055, 190.612233590299, 311.524508530699, 170.520698574751, 85.1804845716539, 3530.62126125058, 17.76357339699, -596492.060441118, 297.303305410912, 0.0973321310513955, 46.306755065918, 974.191879272461, 974.125152587891, 2.15718249489982, NoAcc, 65.9140332595144, 65.9140332595144, 65.8490576518471, 90.1963662313445, 88.9560055783387, 429.846205332346, 0.156094191516422
24.5399994514883, 2234.17328354053, 2173.37622070313, -0.0972200483083725, -74.4883041381836, 202.272440026591, 323.51664321052, 179.242682865717, 93.7347354688263, 3891.70907937689, 18.7059272735312, -596252.522564072, 298.660641830048, 0.0975526208622049, 45.7965202331543, 978.047698974609, 977.979232788086, 2.1912724694801, NoAcc, 64.92590156279, 64.92590156279, 64.6922909944465, 90.1963957537503, 90.1407050702016, 454.02884721116, 0.171552672359338
25.6799994260073, 2443.50775490922, 2385.54467773438, -0.0972267165780067, -74.4776382446289, 214.15329928126, 335.715411837687, 188.057848400513, 102.449408236546, 4273.30974931887, 19.6632997526125, -595999.901073379, 300.056431901598, 0.102105604364732, 45.2862854003906, 981.96452331543, 981.89444732666, 2.22635473885995, NoAcc, 63.9465422467303, 63.9465422467303, 64.0950464441285, 89.8030564095136, 91.0033444850839, 477.71705688478, 0.187443664921606
26.7999994009733, 2658.93321115314, 2602.56665039063, -0.0972212478518486, -74.4662170410156, 226.080786705637, 348.24603286371, 196.909598963888, 111.517733687274, 4674.70143297105, 20.6305042024601, -595727.871353588, 301.48940138193, 0.097232915632911, 44.776050567627, 985.983055114746, 985.911712646484, 2.26255844530156, NoAcc, 62.9754022987584, 62.9754022987584, 63.119190701256, 90.1988519372892, 88.9209455956139, 502.641437352634, 0.203728076880956
27.9399993754923, 2888.17311413609, 2834.5869140625, -0.0972296670079231, -74.4535980224609, 238.481669664474, 360.929210548043, 205.57353731195, 120.884355989547, 5087.10332398349, 21.5837882193368, -595437.115458949, 302.929292217179, 0.0981580136968178, 44.2658157348633, 990.068626403809, 989.996299743652, 2.29984304075483, NoAcc, 62.0121558197962, 62.0121558197962, 61.8347719207039, 90.1967602920412, 90.0542324603833, 527.955765103139, 0.220321809697625
29.0799993500113, 3127.53942513617, 3078.38696289063, -0.0972385331988335, -74.43994140625, 251.126912272476, 374.105405465509, 214.434383628308, 130.700501856172, 5526.95691172266, 22.565239027162, -595121.57678922, 304.433810455075, 0.10119656512578, 43.764533996582, 994.208137512207, 994.134971618652, 2.33821760613406, NoAcc, 61.0561489814674, 61.0561489814674, 61.2036981767867, 89.8038490356712, 91.0163142330131, 553.67051379618, 0.237139187652169
30.1199993267655, 3354.72453853209, 3317.3642578125, -0.0972361266613007, -74.4265518188477, 262.900443460178, 386.382753277983, 222.572776663635, 139.921414586182, 5946.57958913746, 23.4727431864525, -594815.029360801, 305.8444525309, 0.099507502782182, 43.2990570068359, 997.94612121582, 997.872398376465, 2.37295678457291, NoAcc, 60.2066512200877, 60.2066512200877, 60.4543315408511, 89.7978813322234, 89.8253234632473, 577.026848409166, 0.252295254474413
31.2599993012846, 3613.41570765083, 3592.11108398438, -0.0972385853528976, -74.4107971191406, 276.073611586436, 400.198078967214, 231.452073991263, 150.487795051696, 6424.54938579898, 24.4709034059931, -594451.723331845, 307.425877254622, 0.0982607562601729, 42.7888221740723, 1002.23754119873, 1002.16333007813, 2.41415185321001, NoAcc, 59.2635834682861, 59.2635834682861, 59.1810562069248, 90.1947988519137, 89.2699204946441, 603.998999651253, 0.269307353803916
32.3999992758036, 3882.25730000134, 3882.25732421875, -0.0972504392266274, -74.3938903808594, 289.5360655422, 414.375984265405, 240.299637249153, 161.515378795898, 6921.64515574893, 25.4743700776916, -594058.77123245, 309.046859137162, 0.0985919328338192, 42.2785873413086, 1006.43868255615, 1006.36436462402, 2.45568444795519, NoAcc, 58.3269302388217, 58.3269302388217, 58.3187988003617, 89.805491403596, 90.811757921597, 629.993421363007, 0.286328589085163
33.5199992507696, 4156.16797519219, 4156.16796875, -0.0972485020756722, -74.3761138916016, 302.81552645483, 428.637616262284, 248.987129426797, 172.755463736053, 7434.37933760847, 26.4690878145016, -593643.476288133, 310.685921162008, 0.0984253032341978, 41.7683525085449, 1010.6633682251, 1010.5891418457, 2.49839228148955, NoAcc, 57.3965928155943, 57.3965928155943, 57.5936677345401, 89.8009397098834, 89.8052222980582, 657.369954408609, 0.302818666363601
34.6599992252886, 4444.47903850197, 4444.47900390625, -0.0972485467791557, -74.3568267822266, 315.847642249023, 442.180757526337, 257.0178620024, 183.579823853227, 7942.84336334968, 27.398876430119, -593228.993402054, 312.257008711123, 0.0982619145796038, 41.2581176757813, 1014.87152862549, 1014.79779815674, 2.54221670663066, NoAcc, 56.4736553163386, 56.4736553163386, 56.7297702159126, 90.1951868103116, 89.5757525966943, 685.199332944104, 0.317613666561578
35.7999991998076, 4741.59853753541, 4741.5986328125, -0.0972503498196602, -74.3363571166992, 328.255493628659, 455.486201583342, 264.345980499293, 194.609536485912, 8453.68441772892, 28.2611075187451, -592792.020427621, 313.778318608209, 0.0972634404039224, 40.7568359375, 1019.04067993164, 1018.96782684326, 2.58713687499642, NoAcc, 55.5600440423271, 55.5600440423271, 55.6526637934891, 90.1945060555067, 90.08724426052, 713.491889763457, 0.330237545974625
36.9399991743267, 5046.71029873588, 5046.71044921875, -0.0972486883401871, -74.3147354125977, 339.954584268975, 468.088864585658, 270.997032957165, 205.255273973422, 8959.73779542302, 29.0552716188657, -592355.742683249, 315.228252011445, 0.0973372436750945, 40.2466011047363, 1023.14933013916, 1023.0777130127, 2.63313262795502, NoAcc, 54.6576146307922, 54.6576146307922, 54.8516724176729, 89.805482177448, 89.9680298993463, 742.258016828092, 0.340494472699986
38.0799991488457, 5359.04713183991, 5359.04736328125, -0.0972523018717766, -74.2919845581055, 351.224797190711, 480.289653707416, 277.132137436284, 215.769869448105, 9463.66058214533, 29.7991263877821, -591910.912886371, 316.632851205198, 0.0976073949751907, 39.7363624572754, 1027.19023895264, 1027.12006378174, 2.67956757583111, NoAcc, 53.7676365605074, 53.7676365605074, 53.923539298466, 90.1947564784529, 90.1269120836919, 771.507888309262, 0.348693391651618
39.2199991233647, 5678.19146978052, 5678.19140625, -0.0972561612725258, -74.2680892944336, 362.634329447713, 492.708765403155, 283.02590368366, 226.715669370336, 9972.67022333271, 30.5247363317085, -591433.694949994, 318.045842691745, 0.0975356364744827, 39.2261276245117, 1031.14057922363, 1031.07209777832, 2.72770405605639, NoAcc, 52.8905415321962, 52.8905415321962, 52.7943906559789, 89.8046887105578, 89.9954118688822, 801.251301661959, 0.356224800781745
40.2399991005659, 5969.46043515729, 5969.46044921875, -0.0972600430250168, -74.2456970214844, 373.198307181217, 504.20250709273, 288.325650097762, 236.94998623893, 10439.2995306241, 31.1844630408551, -590974.45258136, 319.351382972619, 0.0973851810304951, 38.769603729248, 1034.59261322021, 1034.52572631836, 2.7716984187394, NoAcc, 52.1160396190737, 52.1160396190737, 52.0181766571022, 90.1950415627109, 89.890432331856, 828.290906845149, 0.362759729121461
41.2599990777671, 6266.14614503749, 6266.14599609375, -0.0972651615738869, -74.2223052978516, 384.121808879083, 516.078218321548, 293.655641092231, 247.620533298936, 10916.8862469706, 31.8552682796885, -590482.143295853, 320.699227392471, 0.0973444637459584, 38.3130760192871, 1037.96348571777, 1037.89817810059, 2.81658928249643, NoAcc, 51.365481067114, 51.365481067114, 51.2108616167989, 90.1946514890285, 89.9816993023993, 855.740420003939, 0.369084657093754
42.3999990522861, 6604.23523724359, 6604.2353515625, -0.0972706452012062, -74.1949462890625, 396.75381360724, 529.771963979791, 299.701650330709, 259.985594602735, 11465.6283011329, 32.624257829116, -589894.200356606, 322.262357495822, 0.0976456485285096, 37.8028450012207, 1041.63143920898, 1041.56793212891, 2.86785400647103, NoAcc, 50.5195901211873, 50.5195901211873, 50.3343990539664, 89.8048655711131, 90.0828079229848, 886.915477531498, 0.375841913239833
43.5399990268052, 6949.33053903468, 6949.33056640625, -0.0972749143838882, -74.1662445068359, 409.881860622752, 543.929025994355, 305.945251515109, 272.76481214212, 12034.1685889934, 33.4256667492309, -589266.654369903, 323.90019183533, 0.0974221821773359, 37.292610168457, 1045.1919631958, 1045.1304473877, 2.92031250193327, NoAcc, 49.6830544869962, 49.6830544869962, 49.6136795575327, 90.1949722155955, 89.93287943888, 918.624196652315, 0.382254472895783
44.6799990013242, 7301.62459074671, 7301.62451171875, -0.0972801968455315, -74.1361465454102, 423.62262164822, 558.700907308392, 312.362841179034, 286.156567324031, 12622.7634913228, 34.2589592436449, -588587.398637769, 325.620972061307, 0.0973445301358594, 36.7823753356934, 1048.64308166504, 1048.58348846436, 2.97400963474158, NoAcc, 48.8548762005003, 48.8548762005003, 48.7024232791739, 90.1946666022818, 90.0278233580582, 950.878006015655, 0.388414236162998
45.8199989758432, 7661.39847162482, 7661.3984375, -0.0972846746444702, -74.104606628418, 438.031891811, 574.118898290169, 319.048025154408, 300.13379664509, 13235.6545723333, 35.1357535507011, -587854.577226505, 327.44074371088, 0.0974583318864513, 36.2721405029297, 1051.98309326172, 1051.92547607422, 3.02899560823901, NoAcc, 48.0196121620874, 48.0196121620874, 47.9636928680857, 89.8051403792279, 90.0172189060848, 983.112043068222, 0.394324609466111
46.9599989503622, 8028.9256637349, 8028.92578125, -0.0972893685102463, -74.0715408325195, 453.195881187702, 590.286145064419, 325.99507949078, 314.823307385743, 13874.0792382935, 36.0576956501644, -587058.061193192, 329.369306059222, 0.0974865089149615, 35.761905670166, 1055.2107925415, 1055.15518951416, 3.08532449195951, NoAcc, 47.2050422309146, 47.2050422309146, 47.0990035440776, 89.80506225831, 90.0107269968585, 1016.49172279749, 0.399966926063441
48.0999989248812, 8404.57027313788, 8404.5703125, -0.097294308245182, -74.0368728637695, 469.195234227355, 607.273601396018, 333.271571523747, 330.26387546287, 14542.0414252764, 37.0345209017047, -586191.456112893, 331.423915919319, 0.097465067705504, 35.2516708374023, 1058.32524871826, 1058.27161407471, 3.14305483216414, NoAcc, 46.3956742211161, 46.3956742211161, 46.3190828212177, 89.8051717729702, 90.0274330461577, 1050.4532723668, 0.405340090159482
49.1199989020824, 8747.87117241079, 8747.87109375, -0.097298339009285, -74.0044403076172, 484.286647698302, 623.232362592165, 340.107624414742, 344.761310117333, 15168.0442317427, 37.962426723172, -585350.159934198, 333.383592884706, 0.0973515296133536, 34.7951431274414, 1060.99324035645, 1060.96343994141, 3.19594796815608, NoAcc, 45.6891542307213, 45.6891542307213, 45.6377412614264, 89.8053118331407, 90.0206941084594, 1080.73332353869, 0.40987330299538
50.2599988766015, 9140.00723251514, 9140.0068359375, -0.0973020493984222, -73.9665145874023, 502.092614570177, 641.999239512655, 348.107602511472, 361.826050305435, 15901.3430828425, 39.062374176769, -584325.357637914, 335.721380492344, 0.0973388090225254, 34.2849082946777, 1063.9040145874, 1063.85456085205, 3.25648424543224, NoAcc, 44.8867528969357, 44.8867528969357, 44.7909834800583, 90.1947316104108, 89.9621845393387, 1116.44390030234, 0.410196348671283
51.3999988511205, 9541.51541963709, 9541.515625, -0.0973063409328461, -73.9267425537109, 520.912510779954, 661.75964646365, 356.528673585027, 379.785661655067, 16674.1124461478, 40.2362747999748, -583205.9693534, 338.229433697232, 0.0975264038191153, 33.7746734619141, 1066.64178466797, 1066.59498596191, 3.31850630452543, NoAcc, 44.0866235553101, 44.0866235553101, 44.0498278915342, 89.8050333994055, 89.9972479126667, 1152.16540663508, 0.409062850618638
52.5399988256395, 9952.84018179937, 9952.83984375, -0.0973100438714027, -73.8850173950195, 540.767899936036, 682.543049487579, 365.339700378378, 398.693898785355, 17487.8480965976, 41.4843659476143, -581981.668493192, 340.916766489292, 0.0973398391203976, 33.2644386291504, 1069.23011016846, 1069.18594360352, 3.38209043668127, NoAcc, 43.2878949849709, 43.2878949849709, 43.2368598110697, 89.8053342252627, 90.017290019325, 1188.52160233435, 0.407691174798224
53.6799988001585, 10374.4313520635, 10374.431640625, -0.0973117724061012, -73.8412551879883, 561.650865063184, 704.341247093391, 374.521078474327, 418.551855813171, 18344.5153577307, 42.808158224094, -580644.59365788, 343.792339148603, 0.0973133514443546, 32.7542037963867, 1071.67301940918, 1071.63138580322, 3.44732643745088, NoAcc, 42.4897960084995, 42.4897960084995, 42.4627398726075, 90.1946390900989, 89.9235670327403, 1225.52705174024, 0.405954431455601
54.8199987746775, 10806.6713896244, 10806.671875, -0.0973136052489281, -73.7953414916992, 583.495889882641, 727.089714053588, 384.013908499135, 439.318530896607, 19244.3222784187, 44.2044105095714, -579189.218970261, 346.857542198978, 0.0973401344216225, 32.243968963623, 1073.97574615479, 1073.93647003174, 3.51431313079358, NoAcc, 41.6777036688125, 41.6777036688125, 41.6670485580496, 89.8053477053556, 90.0480863620079, 1262.53501693452, 0.403630241836794
55.9599987491965, 11249.8652783008, 11249.865234375, -0.0973149612545967, -73.7471923828125, 606.180471889028, 750.669062461129, 393.716371376948, 460.91450770113, 20185.1875930822, 45.6643786513994, -577612.662088719, 350.104827682026, 0.0973149728673718, 31.733736038208, 1076.14298248291, 1076.10619354248, 3.58315422762514, NoAcc, 40.8792160252352, 40.8792160252352, 40.8883978619355, 89.8053709163543, 90.0130670916625, 1300.88597236954, 0.400460067374897
57.0999987237155, 11704.1942356604, 11704.1943359375, -0.0973167195916176, -73.6967315673828, 629.609407344165, 774.985491442319, 403.551674185293, 483.274303143172, 21165.6796941627, 47.1822443617481, -575911.34257474, 353.530578926553, 0.0973212606863288, 31.2235012054443, 1078.17698669434, 1078.14246368408, 3.65394861562579, NoAcc, 40.0801660650763, 40.0801660650763, 40.093343467745, 89.8053602975442, 90.0078665447197, 1339.93511962921, 0.396274348061583
58.1199987009168, 12120.2602914592, 12120.2607421875, -0.0973180755972862, -73.6495590209961, 651.235739074094, 797.401111080321, 412.464970828474, 503.964915134822, 22078.4178730017, 48.5934453327237, -574273.521014591, 356.759973083965, 0.0973179648312523, 30.766975402832, 1079.87254333496, 1079.85415649414, 3.7190360487708, NoAcc, 39.3787309303105, 39.3787309303105, 39.3737015950503, 90.1946369125823, 90.0107183697377, 1374.77749561854, 0.391688587906838
59.2599986754358, 12596.1103028986, 12596.1103515625, -0.0973191261291504, -73.5944976806641, 676.179617907952, 823.221200630608, 422.561176390185, 527.883441568201, 23140.8035953108, 50.2357842471954, -572302.826772917, 360.569137888952, 0.097322018836934, 30.2567405700684, 1081.67833709717, 1081.64795684814, 3.79384182948108, NoAcc, 38.5784285481926, 38.5784285481926, 38.5795815278445, 90.194657352629, 89.974671744647, 1415.1872759866, 0.385646908982277
60.279998652637, 13031.6592715685, 13031.6591796875, -0.0973204672336578, -73.5430755615234, 699.123538467721, 846.945410452668, 431.655586341164, 549.95197683079, 24128.0059287144, 51.7597586548368, -570409.548643784, 364.155601422777, 0.0973390121875811, 29.8002147674561, 1083.18166351318, 1083.15315246582, 3.86399810610124, NoAcc, 37.8476877180603, 37.8476877180603, 37.8460817918648, 89.8053382209756, 90.008826517316, 1451.99193005814, 0.379224654175875
61.419998627156, 13529.4630755353, 13529.462890625, -0.0973217785358429, -73.4831161499023, 725.495917899474, 874.186265931332, 441.887338351719, 575.395435412233, 25274.5682869111, 53.5294054468409, -568135.707749876, 368.380241368052, 0.0973212835942883, 29.2899799346924, 1084.74480438232, 1084.71835327148, 3.94331737810787, NoAcc, 37.0460347032957, 37.0460347032957, 37.0420366904365, 89.8053554940147, 90.0309707218788, 1493.8609611688, 0.37122669174111
62.559998601675, 14038.9734957513, 14038.9736328125, -0.0973226577043533, -73.4204559326172, 752.685253101975, 902.240347882408, 452.199656997947, 601.70637394673, 26470.0373344922, 55.3771151288739, -565679.802090103, 372.855783512816, 0.0973237364486758, 28.7797451019287, 1086.19959259033, 1086.17504882813, 4.0252219162986, NoAcc, 36.2437402725122, 36.2437402725122, 36.2407881379166, 90.1946459475228, 89.9940224759988, 1536.52386684515, 0.362241441747064
63.6799985766411, 14546.3545673325, 14555.3759765625, -0.0973240062594414, -73.3556365966797, 761.183595111306, 911.720390246921, 451.071176876871, 613.13559581669, 26990.1519795414, 55.530561398488, -564534.922818749, 374.209912378977, 0.0973337652223422, 28.5313606262207, 423.042701721191, 423.030220031738, 1.58482607336663, NoAcc, 35.8776923697616, 35.8776923697616, 35.6693401589901, 89.8053538636444, 90.0083620656263, 1559.08820188339, 0.337619175626403
64.7999985516071, 15049.1486676399, 15049.1484375, -0.0973251312971115, -73.2924575805664, 763.844255193914, 915.307373251209, 446.910549814564, 619.458639989136, 27296.9870901452, 55.1998817728222, -563859.84420075, 374.588031342775, 0.0973271870207826, 28.3806324005127, 423.69108581543, 423.679916381836, 1.5982536583208, NoAcc, 35.8776923697616, 35.8776923697616, 35.7934511717994, 89.8053538636444, 89.9944321625695, 1575.75557211315, 0.308840735265489
65.8199985288084, 15503.3360697239, 15503.3359375, -0.0973211377859116, -73.233283996582, 768.141734652643, 920.419991253011, 444.220006060801, 626.6660280648, 27655.9807320646, 55.0681145092859, -563095.964505161, 375.267458053738, 0.0974548797758265, 7.92065477371216, 116.140211105347, 116.134506225586, 1.57213895158389, NoAcc, 34.0118472474982, 34.0118472474982, 35.0205178248953, 90.1947976833705, 89.672952305034, 1590.43434339106, 0.285358085090813
66.8999985046685, 15981.7712292344, 15981.771484375, -0.0972967594861984, -73.1698684692383, 773.958742514951, 927.078821123387, 442.025505005271, 635.315345352337, 28066.7197987282, 55.0302304728145, -562177.420173041, 376.190770375084, 0.101655972412397, 7.86779260635376, 116.493841171265, 116.487678527832, 1.58998068983098, NoAcc, 33.3149135454864, 33.3149135454864, 34.2307852711084, 90.2013106685598, 89.4386834329975, 1606.64801903119, 0.263883288129139
67.9999984800816, 16466.7145171603, 16466.71484375, -0.0971955135464668, -73.1044006347656, 780.352852130706, 934.323537905159, 439.904180244577, 644.542384977027, 28490.9237465605, 55.0147232266576, -561185.652740204, 377.200198803384, 0.144420061814437, 7.81395149230957, 116.812648773193, 116.807083129883, 1.60785116272773, NoAcc, 32.6212526692533, 32.6212526692533, 33.238497684581, 90.2740636926831, 88.4782804677868, 1622.42233324595, 0.243458589795656
69.0799984559417, 16940.2576077451, 16940.2578125, -0.096937783062458, -73.0392456054688, 786.650465745263, 941.502841807754, 437.270097133296, 653.92187408763, 28875.753260795, 54.9336434933978, -560163.804875641, 378.1384046909, 0.280252034149051, 7.76108932495117, 117.100765228271, 117.095729827881, 1.62529372180587, NoAcc, 31.9556203061367, 31.9556203061367, 31.2876339072035, 90.5312967791271, 89.073151459896, 1638.64809704401, 0.224962358446155
70.1599984318018, 17409.9814258674, 17409.98046875, -0.0966524556279182, -72.9731979370117, 792.077336929498, 948.068975313395, 432.520969801468, 663.640665765149, 29150.3114081764, 54.5812549663136, -559088.274797394, 378.76530578096, 0.248997340218802, 7.70724821090698, 117.360059738159, 117.355531692505, 1.64282083060959, NoAcc, 31.29428184728, 31.29428184728, 29.1954184972904, 89.4385641616725, 105.012398096545, 1655.02353173595, 0.207300167080226
